[
  {
    "lat": 43.672646,
    "lon": 1.424452,
    "address": "110, rue Dubois",
    "country": "FRANCE",
    "specialities": "CHARCUTERIES",
    "webSite": null,
    "email": "charcuthal@yahoo.com",
    "phone": "06.28.23.62.38",
    "fax": null,
    "isActive": true,
    "latitude": 43.672646,
    "longitude": 1.424452,
    "id": "1062",
    "name": "CHARCUTHAL",
    "zipCode": "59240",
    "city": "DUNKERQUE",
    "isActivityMealBag": false
  },
  {
    "lat": 48.1011629,
    "lon": -1.4156986,
    "address": "22, rue Joliot Curie",
    "country": "FRANCE",
    "specialities": null,
    "webSite": null,
    "email": null,
    "phone": "02 99 62 34 62",
    "fax": null,
    "isActive": true,
    "latitude": 48.1011629,
    "longitude": -1.4156986,
    "id": "1103",
    "name": "TENDRIADE",
    "zipCode": "35220",
    "city": "CHATEAUBOURG",
    "isActivityMealBag": false
  },
  {
    "lat": 48.8338877,
    "lon": 2.7504929,
    "address": "2 CHEMIN DES CHAUDRONNIERS",
    "country": "FRANCE",
    "specialities": null,
    "webSite": "http://www.sarovi.fr/",
    "email": "contact@abattoirjossigny.fr",
    "phone": "01 64 02 43 75",
    "fax": "01 64 02 41 79",
    "isActive": true,
    "latitude": 48.8338877,
    "longitude": 2.7504929,
    "id": "2188",
    "name": "ABATTOIR DE JOSSIGNY",
    "zipCode": "77600",
    "city": "JOSSIGNY",
    "isActivityMealBag": false
  },
  {
    "lat": 48.81644619999999,
    "lon": 2.3252415,
    "address": "BP 80037",
    "country": "FRANCE",
    "specialities": null,
    "webSite": "https://www.happylalbaby.com/",
    "email": "https://www.happylalbaby.com/",
    "phone": null,
    "fax": null,
    "isActive": true,
    "latitude": 48.81644619999999,
    "longitude": 2.3252415,
    "id": "3258",
    "name": "HAPPYLAL BABY",
    "zipCode": "92120",
    "city": "MONTROUGE",
    "isActivityMealBag": false
  },
  {
    "lat": 48.9966985,
    "lon": 2.3926827,
    "address": "4, rue d'Ableval",
    "country": "France",
    "specialities": "VOLAILLES, CHARCUTERIES, PRODUITS ELABORES, VIANDES HACHÉES",
    "webSite": "http://atlasnegoce.com/",
    "email": "contact@atlasnegoce.com",
    "phone": "01 34 29 16 75",
    "fax": "01 34 29 77 86",
    "isActive": true,
    "latitude": 48.9966985,
    "longitude": 2.3926827,
    "id": "328",
    "name": "ATLAS NÉGOCE ",
    "zipCode": "95200",
    "city": "SARCELLES",
    "isActivityMealBag": false
  },
  {
    "lat": 46.495283,
    "lon": 5.390285,
    "address": "Z.A. la Charbonnière",
    "country": "France",
    "specialities": null,
    "webSite": "https://www.bigard.fr/",
    "email": null,
    "phone": "03 85 76 46 46",
    "fax": "03 85 76 46 55",
    "isActive": true,
    "latitude": 46.495283,
    "longitude": 5.390285,
    "id": "333",
    "name": "BIGARD CUISEAUX ",
    "zipCode": "71480",
    "city": "CUISEAUX",
    "isActivityMealBag": false
  },
  {
    "lat": 45.8516022,
    "lon": 4.8325539,
    "address": "2 RUE SAINT LÉONARD",
    "country": "FRANCE",
    "specialities": null,
    "webSite": null,
    "email": "contact@cltgroup.eu",
    "phone": "0761366064",
    "fax": null,
    "isActive": true,
    "latitude": 45.8516022,
    "longitude": 4.8325539,
    "id": "3330",
    "name": "CLT GROUP - TAVIBEL",
    "zipCode": "69270",
    "city": "COUZON AU MONT D'OR",
    "isActivityMealBag": false
  },
  {
    "lat": 45.67056609999999,
    "lon": 4.9224936,
    "address": "29 RUE MARCEL MERIEUX",
    "country": "FRANCE",
    "specialities": null,
    "webSite": null,
    "email": "contact@chennahviande.fr",
    "phone": "0478016700",
    "fax": null,
    "isActive": true,
    "latitude": 45.67056609999999,
    "longitude": 4.9224936,
    "id": "3336",
    "name": "CHENNAH VIANDE DISTRIBUTION",
    "zipCode": "69960",
    "city": "CORBAS",
    "isActivityMealBag": false
  },
  {
    "lat": 47.997374,
    "lon": 0.9248852,
    "address": "8, rue Guicherie ",
    "country": "France",
    "specialities": null,
    "webSite": null,
    "email": null,
    "phone": "02 54 73 31 20",
    "fax": "02 54 80 77 52",
    "isActive": true,
    "latitude": 47.997374,
    "longitude": 0.9248852,
    "id": "353",
    "name": "SOCIETE NOUVELLE ATLAS",
    "zipCode": "41170",
    "city": "CHOUE",
    "isActivityMealBag": false
  },
  {
    "lat": 45.1487308,
    "lon": 1.5195771,
    "address": "Z.A.C De Nau",
    "country": "France",
    "specialities": null,
    "webSite": "www.viandesdecorreze.com",
    "email": "info@viandesdecorreze.com",
    "phone": "05 55 88 37 13",
    "fax": "05 55 88 31 34",
    "isActive": true,
    "latitude": 45.1487308,
    "longitude": 1.5195771,
    "id": "361",
    "name": "VIANDES DE CORREZE",
    "zipCode": "19100",
    "city": "SAINT VIANCE",
    "isActivityMealBag": false
  },
  {
    "lat": 47.8418483,
    "lon": -0.3451175,
    "address": "rue petite vitesse ",
    "country": "France",
    "specialities": null,
    "webSite": null,
    "email": null,
    "phone": "02 33 76 33 33",
    "fax": "02 33 76 33 02",
    "isActive": true,
    "latitude": 47.8418483,
    "longitude": -0.3451175,
    "id": "364",
    "name": "SOCOPA COUTANCES",
    "zipCode": "50205",
    "city": "COUTANCES",
    "isActivityMealBag": false
  },
  {
    "lat": 46.4622948,
    "lon": 2.8220385,
    "address": "route de Cosne",
    "country": "France",
    "specialities": null,
    "webSite": "www.socopa.fr",
    "email": null,
    "phone": "04 70 02 28 28",
    "fax": "04 70 02 29 29",
    "isActive": true,
    "latitude": 46.4622948,
    "longitude": 2.8220385,
    "id": "365",
    "name": "SOCOPA VILLEFRANCHE",
    "zipCode": "03430",
    "city": "VILLEFRANCHE D'ALLIER",
    "isActivityMealBag": false
  },
  {
    "lat": 49.021327,
    "lon": 3.0395659,
    "address": "rue  de la Tête A Loup",
    "country": "France",
    "specialities": null,
    "webSite": null,
    "email": null,
    "phone": "01 64 33 55 95",
    "fax": "01 64 33 59 45",
    "isActive": true,
    "latitude": 49.021327,
    "longitude": 3.0395659,
    "id": "371",
    "name": "VIANDES DE L'OISE",
    "zipCode": "77440",
    "city": "OCQUERRE",
    "isActivityMealBag": false
  },
  {
    "lat": 48.9657339,
    "lon": 2.9044682,
    "address": "12, rue du Vide Arpent",
    "country": "France",
    "specialities": "BOEUF, VEAU, AGNEAU, BOYAUX A MERGUEZ",
    "webSite": "",
    "email": "",
    "phone": "01 64 34 31 32",
    "fax": "01 60 09 16 64",
    "isActive": true,
    "latitude": 48.9657339,
    "longitude": 2.9044682,
    "id": "372",
    "name": "SOVIAM",
    "zipCode": "77100",
    "city": "MEAUX",
    "isActivityMealBag": false
  },
  {
    "lat": 37.030111,
    "lon": 35.204629,
    "address": "Les Bordes",
    "country": "France",
    "specialities": null,
    "webSite": "www.socopa.fr",
    "email": null,
    "phone": "02 43 60 22 22",
    "fax": "02 43 60 23 07",
    "isActive": true,
    "latitude": 37.030111,
    "longitude": 35.204629,
    "id": "374",
    "name": "SOCOPA CHERRE",
    "zipCode": "72400",
    "city": "LA FERTE BERNARD",
    "isActivityMealBag": false
  },
  {
    "lat": 46.9850852,
    "lon": -0.2261089,
    "address": "PP -27- 119, rue Camille Pelletan",
    "country": "France",
    "specialities": null,
    "webSite": "www.sovileg.fr",
    "email": "commercial.sovileg@wanadoo.fr",
    "phone": "05 49 96 23 66",
    "fax": " 05 49 96 23 68",
    "isActive": true,
    "latitude": 46.9850852,
    "longitude": -0.2261089,
    "id": "376",
    "name": "SOVILEG",
    "zipCode": "79101",
    "city": "THOUARS",
    "isActivityMealBag": false
  },
  {
    "lat": 45.4824548,
    "lon": 4.4171648,
    "address": "169, allée du Moulin Brule",
    "country": "France",
    "specialities": "BOEUF, VEAU, AGNEAU, BOYAUX A MERGUEZ",
    "webSite": "",
    "email": "",
    "phone": "04 77 01 13 13 ",
    "fax": "04 77 01 13 19",
    "isActive": true,
    "latitude": 45.4824548,
    "longitude": 4.4171648,
    "id": "516",
    "name": "V.L.F",
    "zipCode": "42350",
    "city": "LA TALAUDIERE",
    "isActivityMealBag": false
  },
  {
    "lat": 45.480702,
    "lon": 4.432911,
    "address": "Pôle de la viande - BP 360",
    "country": "France",
    "specialities": "VEAU",
    "webSite": "",
    "email": "",
    "phone": "04 77 53 83 83",
    "fax": "04 77 53 69 62",
    "isActive": true,
    "latitude": 45.480702,
    "longitude": 4.432911,
    "id": "518",
    "name": "SOVIBER",
    "zipCode": "42353",
    "city": "LA TALAUDIERE",
    "isActivityMealBag": false
  },
  {
    "lat": 48.9363212,
    "lon": 2.242533,
    "address": "73, rue du Pré Brochet",
    "country": "France",
    "specialities": "PRODUITS ELABORES, VIANDES HACHÉES",
    "webSite": null,
    "email": null,
    "phone": "01 34 34 02 95",
    "fax": null,
    "isActive": true,
    "latitude": 48.9363212,
    "longitude": 2.242533,
    "id": "519",
    "name": "BILAD DISTRIBUTION ",
    "zipCode": "95110",
    "city": "SANNOIS",
    "isActivityMealBag": false
  },
  {
    "lat": 45.6879734,
    "lon": 4.9124573,
    "address": "139, chemin du charbonnier",
    "country": "France",
    "specialities": "BOEUF, VEAU, AGNEAU, BOYAUX A MERGUEZ",
    "webSite": "alifdelice.fr",
    "email": "contact@alif delice.fr",
    "phone": "04 72 90 17 17",
    "fax": "09 56 27 69 16",
    "isActive": true,
    "latitude": 45.6879734,
    "longitude": 4.9124573,
    "id": "520",
    "name": "LA VENISSIENNE DES VIANDES",
    "zipCode": "69800",
    "city": "SAINT PRIEST",
    "isActivityMealBag": false
  },
  {
    "lat": 47.5453126,
    "lon": 4.4717996,
    "address": "rue de l'Oze",
    "country": "France",
    "specialities": null,
    "webSite": null,
    "email": null,
    "phone": "03 80 89 59 10",
    "fax": "03 80 89 59 03",
    "isActive": true,
    "latitude": 47.5453126,
    "longitude": 4.4717996,
    "id": "580",
    "name": "BIGARD VENAREY ",
    "zipCode": "21150",
    "city": "VENAREY LES LAUMES",
    "isActivityMealBag": false
  },
  {
    "lat": 46.3506022,
    "lon": 2.5968666,
    "address": "Quai de Stalingrad - B.P. 1126 ",
    "country": "France",
    "specialities": null,
    "webSite": "http://www.puigrenier.fr/",
    "email": "francois.guitonny@puigrenier.fr",
    "phone": "06 10 63 45 03",
    "fax": "04 70 29 66 85",
    "isActive": true,
    "latitude": 46.3506022,
    "longitude": 2.5968666,
    "id": "673",
    "name": "PUIGRENIER VIANDES",
    "zipCode": "03103",
    "city": "MONTLUCON",
    "isActivityMealBag": false
  },
  {
    "lat": 48.9592819,
    "lon": 2.4956263,
    "address": "1, rue Maryse Bastié",
    "country": "France",
    "specialities": "VIANDES HACHÉES BIO",
    "webSite": "http://www.tendrefrance.fr",
    "email": "contact@tendrefrance.fr",
    "phone": "01 48 69 96 08",
    "fax": "01 48 66 79 73",
    "isActive": true,
    "latitude": 48.9592819,
    "longitude": 2.4956263,
    "id": "689",
    "name": "BIONOOR ",
    "zipCode": "93600",
    "city": "AULNAY SOUS BOIS",
    "isActivityMealBag": false
  },
  {
    "lat": 48.9152612,
    "lon": 2.3688732,
    "address": "61, rue du Landy",
    "country": "France",
    "specialities": "CHARCUTERIES, PRODUITS ELABORES, VIANDES HACHÉES",
    "webSite": null,
    "email": null,
    "phone": "01 48 39 19 79",
    "fax": null,
    "isActive": true,
    "latitude": 48.9152612,
    "longitude": 2.3688732,
    "id": "761",
    "name": "ISLA MONDIAL DISTRIBUTION",
    "zipCode": "93300",
    "city": "AUBERVILLIERS",
    "isActivityMealBag": false
  },
  {
    "lat": 48.7502775,
    "lon": 2.3581465,
    "address": "3, rue des glacières M.I.N DE RUNGIS",
    "country": "France",
    "specialities": null,
    "webSite": "",
    "email": "",
    "phone": "",
    "fax": "",
    "isActive": true,
    "latitude": 48.7502775,
    "longitude": 2.3581465,
    "id": "822",
    "name": "NOUVELLE SOCIETE AL JADID",
    "zipCode": "94150",
    "city": "RUNGIS",
    "isActivityMealBag": false
  },
  {
    "lat": 45.7707722,
    "lon": 4.8603288,
    "address": "81 cours Vitton",
    "country": "France",
    "specialities": "VOLAILLES BIO, CHARCUTERIES BIO ",
    "webSite": "https://delicial.fr/",
    "email": "contact@delicial.com",
    "phone": "04 37 48 44 31",
    "fax": "0811 65 13 64",
    "isActive": true,
    "latitude": 45.7707722,
    "longitude": 4.8603288,
    "id": "886",
    "name": "Délicial",
    "zipCode": "69006",
    "city": "LYON 06",
    "isActivityMealBag": false
  },
  {
    "lat": 48.766577,
    "lon": 0.26329,
    "address": "ZA de Beaumont-Croisilles",
    "country": "France",
    "specialities": null,
    "webSite": null,
    "email": null,
    "phone": "02 33 36 45 45",
    "fax": "02 33 35 98 61",
    "isActive": true,
    "latitude": 48.766577,
    "longitude": 0.26329,
    "id": "922",
    "name": "SOCOPA GACE",
    "zipCode": "61230",
    "city": "CROISILLES",
    "isActivityMealBag": false
  },
  {
    "lat": 52.4399341,
    "lon": -2.831996,
    "address": "Dale Street",
    "country": "France",
    "specialities": null,
    "webSite": null,
    "email": null,
    "phone": "+ 44 (0) 1588 673000",
    "fax": "+ 44 (0) 1588 673773",
    "isActive": true,
    "latitude": 52.4399341,
    "longitude": -2.831996,
    "id": "931",
    "name": "EURO QUALITY LAMBS LTD.",
    "zipCode": "SY7 9PA",
    "city": "CRAVEN ARMS SHROPSHIRE",
    "isActivityMealBag": true
  }
]