[
  {
    "lat": 48.9477457,
    "lon": 2.3522608,
    "address": "26, rue du 19 Mars 1962",
    "country": "France",
    "specialities": null,
    "webSite": "",
    "email": "",
    "phone": "01 48 27 97 68",
    "fax": "",
    "isActive": true,
    "latitude": 48.9477457,
    "longitude": 2.3522608,
    "id": "100",
    "name": "AMNAGOR",
    "zipCode": "93200",
    "city": "SAINT DENIS",
    "isActivityMealBag": false
  },
  {
    "lat": 48.8374062,
    "lon": 2.3110398,
    "address": "123, rue Falguière ",
    "country": "France",
    "specialities": null,
    "webSite": null,
    "email": null,
    "phone": "01 43 27 40 87",
    "fax": null,
    "isActive": true,
    "latitude": 48.8374062,
    "longitude": 2.3110398,
    "id": "1013",
    "name": "ECOVIANDE",
    "zipCode": "75015",
    "city": "PARIS 15",
    "isActivityMealBag": false
  },
  {
    "lat": 48.8637393,
    "lon": 2.4094668,
    "address": "164, boulevard Davout",
    "country": null,
    "specialities": null,
    "webSite": null,
    "email": null,
    "phone": "00 00 00 00 00",
    "fax": null,
    "isActive": true,
    "latitude": 48.8637393,
    "longitude": 2.4094668,
    "id": "1014",
    "name": "BOUCHERIE DE LA PLACE",
    "zipCode": "75020",
    "city": "PARIS 20",
    "isActivityMealBag": false
  },
  {
    "lat": 48.9897441,
    "lon": 2.2895855,
    "address": "61, avenue de Paris C.C Mirabeau",
    "country": null,
    "specialities": null,
    "webSite": null,
    "email": null,
    "phone": "09 50 85 83 13",
    "fax": null,
    "isActive": true,
    "latitude": 48.9897441,
    "longitude": 2.2895855,
    "id": "1036",
    "name": "NOUR ESSALAM",
    "zipCode": "95230",
    "city": "SOISY-SOUS-MONTMORENCY",
    "isActivityMealBag": false
  },
  {
    "lat": 48.5513537,
    "lon": 2.6512848,
    "address": "20, rue du Colonel Picot",
    "country": "France",
    "specialities": null,
    "webSite": null,
    "email": null,
    "phone": "09 73 15 98 71",
    "fax": null,
    "isActive": true,
    "latitude": 48.5513537,
    "longitude": 2.6512848,
    "id": "1049",
    "name": "BOUCHERIE BARAKA",
    "zipCode": "77000",
    "city": "MELUN",
    "isActivityMealBag": false
  },
  {
    "lat": 48.8689955,
    "lon": 2.3802444,
    "address": "37, boulevard de Belleville",
    "country": "France",
    "specialities": null,
    "webSite": null,
    "email": null,
    "phone": "01 48 06 71 93",
    "fax": null,
    "isActive": true,
    "latitude": 48.8689955,
    "longitude": 2.3802444,
    "id": "1057",
    "name": "BOUCHERIE BOUDALIA ",
    "zipCode": "75011",
    "city": "PARIS 11",
    "isActivityMealBag": false
  },
  {
    "lat": 48.6219154,
    "lon": 2.3576421,
    "address": "rue Clément Ader Z.I de la Croix Blanche",
    "country": "France",
    "specialities": null,
    "webSite": null,
    "email": null,
    "phone": "Nordine : 06 47 28 37 20 / 01 60 16 56 04",
    "fax": null,
    "isActive": true,
    "latitude": 48.6219154,
    "longitude": 2.3576421,
    "id": "1058",
    "name": "BOUCHERIE DE LA FERME BLANCHE",
    "zipCode": "91700",
    "city": "FLEURY-MEROGIS",
    "isActivityMealBag": false
  },
  {
    "lat": 48.9006196,
    "lon": 2.5687245,
    "address": "1, rue des Perriers ",
    "country": "France",
    "specialities": null,
    "webSite": null,
    "email": null,
    "phone": "06 14 74 15 47",
    "fax": null,
    "isActive": true,
    "latitude": 48.9006196,
    "longitude": 2.5687245,
    "id": "1068",
    "name": "MONTFERMEIL VIANDES",
    "zipCode": "93370",
    "city": "MONTFERMEIL",
    "isActivityMealBag": false
  },
  {
    "lat": 48.98186949999999,
    "lon": 1.9709985,
    "address": "51/51 bis boulevard André Malraux",
    "country": "France",
    "specialities": null,
    "webSite": null,
    "email": null,
    "phone": "01 39 71 06 13",
    "fax": null,
    "isActive": true,
    "latitude": 48.98186949999999,
    "longitude": 1.9709985,
    "id": "1071",
    "name": "AU PANIER DES SAVEURS",
    "zipCode": "78480",
    "city": "VERNEUIL-SUR-SEINE",
    "isActivityMealBag": false
  },
  {
    "lat": 48.8324299,
    "lon": 2.3119813,
    "address": "233, rue d'Alésia ",
    "country": "France",
    "specialities": null,
    "webSite": null,
    "email": null,
    "phone": "09 70 91 15 49",
    "fax": null,
    "isActive": true,
    "latitude": 48.8324299,
    "longitude": 2.3119813,
    "id": "1105",
    "name": "ART VIANDES",
    "zipCode": "75014",
    "city": "PARIS 14",
    "isActivityMealBag": false
  },
  {
    "lat": 48.7970506,
    "lon": 2.318455,
    "address": "LÉO-FERRÉ",
    "country": "France",
    "specialities": null,
    "webSite": null,
    "email": null,
    "phone": "01 47 40 89 72",
    "fax": null,
    "isActive": true,
    "latitude": 48.7970506,
    "longitude": 2.318455,
    "id": "1107",
    "name": "MARCHÉ LÉO-FERRÉ",
    "zipCode": "92220",
    "city": "BAGNEUX",
    "isActivityMealBag": false
  },
  {
    "lat": 48.8384017,
    "lon": 2.2596029,
    "address": "209, avenue de Versailles ",
    "country": "France",
    "specialities": null,
    "webSite": null,
    "email": null,
    "phone": "09 84 41 65 73",
    "fax": null,
    "isActive": true,
    "latitude": 48.8384017,
    "longitude": 2.2596029,
    "id": "1117",
    "name": "BOUCHERIE DE L'ETOILE ",
    "zipCode": "75016",
    "city": "PARIS 16",
    "isActivityMealBag": false
  },
  {
    "lat": 48.9510826,
    "lon": 2.4972231,
    "address": "07. Place Des Etangs ",
    "country": "France",
    "specialities": null,
    "webSite": null,
    "email": null,
    "phone": "06 49 86 96 80",
    "fax": null,
    "isActive": true,
    "latitude": 48.9510826,
    "longitude": 2.4972231,
    "id": "1122",
    "name": "BOUCHERIE DES ÉTANGS",
    "zipCode": "93600",
    "city": "AULNAY SOUS BOIS",
    "isActivityMealBag": false
  },
  {
    "lat": 48.88728401613461,
    "lon": 2.381081014999194,
    "address": "144, rue de Crimée ",
    "country": "France",
    "specialities": null,
    "webSite": null,
    "email": null,
    "phone": "00 00 00 00 00",
    "fax": null,
    "isActive": true,
    "latitude": 48.88728401613461,
    "longitude": 2.381081014999194,
    "id": "1126",
    "name": "BOUCHERIE LA BELLE ETOILE",
    "zipCode": "75019",
    "city": "PARIS 19",
    "isActivityMealBag": false
  },
  {
    "lat": 48.645257,
    "lon": 2.3474821,
    "address": "R.N, 445 avenue de la Gribelette ",
    "country": "France",
    "specialities": null,
    "webSite": null,
    "email": null,
    "phone": "01 69 72 87 93",
    "fax": null,
    "isActive": true,
    "latitude": 48.645257,
    "longitude": 2.3474821,
    "id": "1135",
    "name": "VIRY VIANDE 2",
    "zipCode": "91170",
    "city": "VIRY-CHATILLON",
    "isActivityMealBag": false
  },
  {
    "lat": 45.7030732,
    "lon": 4.880279199999999,
    "address": "9, avenue Jean Jaurès",
    "country": "France",
    "specialities": null,
    "webSite": null,
    "email": null,
    "phone": null,
    "fax": null,
    "isActive": true,
    "latitude": 45.7030732,
    "longitude": 4.880279199999999,
    "id": "1141",
    "name": "COMPTOIR DES VIANDES",
    "zipCode": "69200",
    "city": "VÉNISSIEUX",
    "isActivityMealBag": false
  },
  {
    "lat": 48.8909505,
    "lon": 2.3761376,
    "address": "191, rue de Crimée ",
    "country": "France",
    "specialities": null,
    "webSite": null,
    "email": null,
    "phone": "01 77 32 76 53",
    "fax": null,
    "isActive": true,
    "latitude": 48.8909505,
    "longitude": 2.3761376,
    "id": "1152",
    "name": "AL AMANA",
    "zipCode": "75019",
    "city": "PARIS 19",
    "isActivityMealBag": false
  },
  {
    "lat": 48.97266167427565,
    "lon": 2.421186898335439,
    "address": "C.C. du pont de pierre",
    "country": "France",
    "specialities": null,
    "webSite": null,
    "email": null,
    "phone": "00 00 00 00 00",
    "fax": null,
    "isActive": true,
    "latitude": 48.97266167427565,
    "longitude": 2.421186898335439,
    "id": "1153",
    "name": "P'TIT FRAIS",
    "zipCode": "95140",
    "city": "GARGES-LÈS-GONESSE",
    "isActivityMealBag": false
  },
  {
    "lat": 48.8868436,
    "lon": 2.4677281,
    "address": "198, rue de Brément ",
    "country": null,
    "specialities": null,
    "webSite": null,
    "email": null,
    "phone": "01 41 71 31 98",
    "fax": null,
    "isActive": true,
    "latitude": 48.8868436,
    "longitude": 2.4677281,
    "id": "1160",
    "name": "BOUCHERIE DU LONDEAU",
    "zipCode": "93130",
    "city": "NOISY LE SEC",
    "isActivityMealBag": false
  },
  {
    "lat": 48.758571944201975,
    "lon": 2.3293875694927615,
    "address": "6, Avenue de la Paix",
    "country": "France",
    "specialities": null,
    "webSite": null,
    "email": null,
    "phone": "09 50 15 96 65",
    "fax": null,
    "isActive": true,
    "latitude": 48.758571944201975,
    "longitude": 2.3293875694927615,
    "id": "1167",
    "name": "BOUCHERIE DE LA PAIX 1",
    "zipCode": "94260",
    "city": "FRESNES",
    "isActivityMealBag": false
  },
  {
    "lat": 48.6333547,
    "lon": 2.5530532,
    "address": "14-18, rue Neuve ZAC Lieusaint Centre",
    "country": "France",
    "specialities": null,
    "webSite": null,
    "email": null,
    "phone": "01 60 02 43 04",
    "fax": null,
    "isActive": true,
    "latitude": 48.6333547,
    "longitude": 2.5530532,
    "id": "1188",
    "name": "BOUCHERIE DE LA FERME",
    "zipCode": "77127",
    "city": "LIEUSAINT",
    "isActivityMealBag": false
  },
  {
    "lat": 48.7849557,
    "lon": 2.3589598,
    "address": "20 place Auguste Rodin",
    "country": "France",
    "specialities": null,
    "webSite": "",
    "email": "",
    "phone": "01 47 26 30 35",
    "fax": "",
    "isActive": true,
    "latitude": 48.7849557,
    "longitude": 2.3589598,
    "id": "123",
    "name": "DES AMIS 2",
    "zipCode": "94800",
    "city": "VILLEJUIF",
    "isActivityMealBag": false
  },
  {
    "lat": 48.9441737,
    "lon": 2.2076124,
    "address": "25/27, rue des Grives",
    "country": "France",
    "specialities": null,
    "webSite": null,
    "email": null,
    "phone": "01 39 80 92 93",
    "fax": null,
    "isActive": true,
    "latitude": 48.9441737,
    "longitude": 2.2076124,
    "id": "126",
    "name": "JARDIN DU VAL",
    "zipCode": "95100",
    "city": "ARGENTEUIL",
    "isActivityMealBag": false
  },
  {
    "lat": 45.4358847,
    "lon": 4.3855321,
    "address": "6, rue du Théâtre",
    "country": "France",
    "specialities": null,
    "webSite": null,
    "email": null,
    "phone": "04 77 33 37 78",
    "fax": null,
    "isActive": true,
    "latitude": 45.4358847,
    "longitude": 4.3855321,
    "id": "137",
    "name": "LARABA ",
    "zipCode": "42000",
    "city": "SAINT ETIENNE",
    "isActivityMealBag": false
  },
  {
    "lat": 48.8849395,
    "lon": 2.3563111,
    "address": "19, rue de Jessaint",
    "country": "France",
    "specialities": null,
    "webSite": "",
    "email": "",
    "phone": "01 42 54 96 57",
    "fax": "",
    "isActive": true,
    "latitude": 48.8849395,
    "longitude": 2.3563111,
    "id": "149",
    "name": "MARHABA",
    "zipCode": "75018",
    "city": "PARIS 18",
    "isActivityMealBag": false
  },
  {
    "lat": 45.7567177,
    "lon": 4.8439491,
    "address": "10, rue Marignan",
    "country": "France",
    "specialities": null,
    "webSite": "",
    "email": "",
    "phone": "04 78 60 98 64",
    "fax": "",
    "isActive": true,
    "latitude": 45.7567177,
    "longitude": 4.8439491,
    "id": "160",
    "name": "GRANDE BOUCHERIE DE LA PLACE DU PONT",
    "zipCode": "69003",
    "city": "LYON 03",
    "isActivityMealBag": false
  },
  {
    "lat": 48.9274163,
    "lon": 2.438432,
    "address": "10, place Aristide Briand",
    "country": "France",
    "specialities": null,
    "webSite": "",
    "email": "",
    "phone": "01 48 31 43 20",
    "fax": "",
    "isActive": true,
    "latitude": 48.9274163,
    "longitude": 2.438432,
    "id": "164",
    "name": "VIANDEART",
    "zipCode": "93700",
    "city": "DRANCY",
    "isActivityMealBag": false
  },
  {
    "lat": 48.8051661,
    "lon": 2.323126,
    "address": "23, avenue Victor Hugo",
    "country": "France",
    "specialities": null,
    "webSite": null,
    "email": null,
    "phone": "01 41 17 04 16",
    "fax": null,
    "isActive": true,
    "latitude": 48.8051661,
    "longitude": 2.323126,
    "id": "183",
    "name": "LA VACHE NOIRE",
    "zipCode": "92220",
    "city": "BAGNEUX",
    "isActivityMealBag": false
  },
  {
    "lat": 48.8418455,
    "lon": 2.3537649,
    "address": "8, rue Larrey",
    "country": "France",
    "specialities": null,
    "webSite": null,
    "email": null,
    "phone": "09 82 46 99 49",
    "fax": null,
    "isActive": true,
    "latitude": 48.8418455,
    "longitude": 2.3537649,
    "id": "191",
    "name": "LIMOURI",
    "zipCode": "75005",
    "city": "PARIS 05",
    "isActivityMealBag": false
  },
  {
    "lat": 48.6285954,
    "lon": 2.5901188,
    "address": "46 place du 14 juillet 1789",
    "country": "France",
    "specialities": null,
    "webSite": "www.boucherie-hallal-avs-77.com",
    "email": null,
    "phone": "01 60 60 58 77",
    "fax": null,
    "isActive": true,
    "latitude": 48.6285954,
    "longitude": 2.5901188,
    "id": "202",
    "name": "WISSAM 1",
    "zipCode": "77550",
    "city": "MOISSY CRAMAYEL",
    "isActivityMealBag": false
  },
  {
    "lat": 48.812254,
    "lon": 2.3708246,
    "address": "75, avenue de Verdun",
    "country": "France",
    "specialities": null,
    "webSite": "",
    "email": "",
    "phone": "01 46 71 10 71",
    "fax": "",
    "isActive": true,
    "latitude": 48.812254,
    "longitude": 2.3708246,
    "id": "203",
    "name": "LES DELICES DU 94",
    "zipCode": "94200",
    "city": "IVRY-SUR-SEINE",
    "isActivityMealBag": false
  },
  {
    "lat": 48.9752904,
    "lon": 2.3392937,
    "address": "39, rue de la Gare",
    "country": "France",
    "specialities": null,
    "webSite": "",
    "email": "",
    "phone": "01 39 83 79 43",
    "fax": "",
    "isActive": true,
    "latitude": 48.9752904,
    "longitude": 2.3392937,
    "id": "209",
    "name": "YASMINE",
    "zipCode": "95170",
    "city": "DEUIL LA BARRE",
    "isActivityMealBag": false
  },
  {
    "lat": 48.87149789999999,
    "lon": 2.3922768,
    "address": "339, rue des Pyrénées",
    "country": "France",
    "specialities": null,
    "webSite": null,
    "email": null,
    "phone": "+33 9 81 37 30 11",
    "fax": null,
    "isActive": true,
    "latitude": 48.87149789999999,
    "longitude": 2.3922768,
    "id": "2190",
    "name": "BOUCHERIE DES PYRÉNÉES",
    "zipCode": "75020",
    "city": "PARIS 20",
    "isActivityMealBag": false
  },
  {
    "lat": 48.9198678,
    "lon": 2.3950514,
    "address": "120, rue Hélène Cochennec ",
    "country": "France",
    "specialities": null,
    "webSite": null,
    "email": null,
    "phone": "00 00 00 00 00",
    "fax": null,
    "isActive": true,
    "latitude": 48.9198678,
    "longitude": 2.3950514,
    "id": "2191",
    "name": "BOUCHERIE HAYAT",
    "zipCode": "93300",
    "city": "AUBERVILLIERS",
    "isActivityMealBag": false
  },
  {
    "lat": 48.5947124,
    "lon": 2.5820797,
    "address": "24, rue Édouard Vaillant",
    "country": "France",
    "specialities": null,
    "webSite": "",
    "email": "",
    "phone": "01 64 10 08 27",
    "fax": "",
    "isActive": true,
    "latitude": 48.5947124,
    "longitude": 2.5820797,
    "id": "253",
    "name": "CHEZ TOI",
    "zipCode": "77176",
    "city": "SAVIGNY LE TEMPLE",
    "isActivityMealBag": false
  },
  {
    "lat": 48.789091,
    "lon": 2.3902859,
    "address": "35, avenue de l'Abbé Roger",
    "country": null,
    "specialities": null,
    "webSite": null,
    "email": null,
    "phone": "00 00 00 00 00",
    "fax": null,
    "isActive": true,
    "latitude": 48.789091,
    "longitude": 2.3902859,
    "id": "3204",
    "name": "HARON",
    "zipCode": "94400",
    "city": "VITRY-SUR-SEINE",
    "isActivityMealBag": false
  },
  {
    "lat": 48.9360059,
    "lon": 2.579708,
    "address": "198, rue de Meaux",
    "country": null,
    "specialities": null,
    "webSite": null,
    "email": null,
    "phone": "01 71 85 24 77",
    "fax": null,
    "isActive": true,
    "latitude": 48.9360059,
    "longitude": 2.579708,
    "id": "3205",
    "name": "LA MAISON BOURBANE",
    "zipCode": "93410",
    "city": "VAUJOURS",
    "isActivityMealBag": false
  },
  {
    "lat": 48.8200528,
    "lon": 2.2572067,
    "address": "132, avenue de Verdun",
    "country": "France",
    "specialities": null,
    "webSite": null,
    "email": null,
    "phone": "01 46 42 80 49",
    "fax": null,
    "isActive": true,
    "latitude": 48.8200528,
    "longitude": 2.2572067,
    "id": "3214",
    "name": "NOUR",
    "zipCode": "92130",
    "city": "ISSY-LES-MOULINEAUX",
    "isActivityMealBag": false
  },
  {
    "lat": 48.79881400000001,
    "lon": 2.473681,
    "address": "1, boulevard du Général Giraud ",
    "country": "France",
    "specialities": null,
    "webSite": null,
    "email": null,
    "phone": "01 48 86 36 57",
    "fax": null,
    "isActive": true,
    "latitude": 48.79881400000001,
    "longitude": 2.473681,
    "id": "3215",
    "name": "BOUCHERIE DE LA MARNE",
    "zipCode": "94100",
    "city": "SAINT MAUR DES FOSSÉS",
    "isActivityMealBag": false
  },
  {
    "lat": 48.81764889999999,
    "lon": 2.3974116,
    "address": "38, rue Lénine",
    "country": null,
    "specialities": null,
    "webSite": null,
    "email": null,
    "phone": "01 46 72 62 86",
    "fax": null,
    "isActive": true,
    "latitude": 48.81764889999999,
    "longitude": 2.3974116,
    "id": "3220",
    "name": "BOUCHERIE SAMIRY",
    "zipCode": "94200",
    "city": "IVRY-SUR-SEINE",
    "isActivityMealBag": false
  },
  {
    "lat": 48.8693983,
    "lon": 2.37974,
    "address": "43, Boulevard de Belleville",
    "country": null,
    "specialities": null,
    "webSite": null,
    "email": null,
    "phone": "01 43 55 83 07",
    "fax": null,
    "isActive": true,
    "latitude": 48.8693983,
    "longitude": 2.37974,
    "id": "3222",
    "name": "BOUCHERIE 2M",
    "zipCode": "75011",
    "city": "PARIS 11",
    "isActivityMealBag": false
  },
  {
    "lat": 45.7016466,
    "lon": 4.8912872,
    "address": "2, chemin du Charbonnier",
    "country": null,
    "specialities": null,
    "webSite": null,
    "email": null,
    "phone": null,
    "fax": null,
    "isActive": true,
    "latitude": 45.7016466,
    "longitude": 4.8912872,
    "id": "3225",
    "name": "LOS POLLOS  (RÔTISSERIE)",
    "zipCode": "69200",
    "city": "VÉNISSIEUX",
    "isActivityMealBag": false
  },
  {
    "lat": 48.912637,
    "lon": 2.5511427,
    "address": "9B, allée de Coubron",
    "country": "France",
    "specialities": null,
    "webSite": null,
    "email": null,
    "phone": "+33 6 99 50 40 25",
    "fax": null,
    "isActive": true,
    "latitude": 48.912637,
    "longitude": 2.5511427,
    "id": "3229",
    "name": "LA BOUCHERIE DES ETOILES",
    "zipCode": "93390",
    "city": "CLICHY-SOUS-BOIS",
    "isActivityMealBag": false
  },
  {
    "lat": 48.7581668,
    "lon": 2.3234249,
    "address": "31, rue Henri Barbusse",
    "country": "France",
    "specialities": null,
    "webSite": "",
    "email": "",
    "phone": "01 57 19 03 11",
    "fax": "",
    "isActive": true,
    "latitude": 48.7581668,
    "longitude": 2.3234249,
    "id": "323",
    "name": "BOUCHERIE DE LA TUILERIE",
    "zipCode": "94260",
    "city": "FRESNES",
    "isActivityMealBag": false
  },
  {
    "lat": 48.9588907,
    "lon": 2.336826,
    "address": "201, rue Jules Ferry ",
    "country": "France",
    "specialities": null,
    "webSite": null,
    "email": null,
    "phone": "01 39 59 79 57",
    "fax": null,
    "isActive": true,
    "latitude": 48.9588907,
    "longitude": 2.336826,
    "id": "3231",
    "name": "MONT'MARKET",
    "zipCode": "95360",
    "city": "MONTMAGNY",
    "isActivityMealBag": false
  },
  {
    "lat": 48.60744523009316,
    "lon": 2.473503543758266,
    "address": "80, rue Feray",
    "country": "France",
    "specialities": null,
    "webSite": null,
    "email": null,
    "phone": null,
    "fax": null,
    "isActive": true,
    "latitude": 48.60744523009316,
    "longitude": 2.473503543758266,
    "id": "3236",
    "name": "BOUCHERIE CAP DE L'EAU",
    "zipCode": "91100",
    "city": "CORBEIL-ESSONNES",
    "isActivityMealBag": false
  },
  {
    "lat": 48.74423438366901,
    "lon": 2.408077492507074,
    "address": "10, place Gaston Viens",
    "country": "France",
    "specialities": null,
    "webSite": null,
    "email": null,
    "phone": "09 50 37 61 21",
    "fax": null,
    "isActive": true,
    "latitude": 48.74423438366901,
    "longitude": 2.408077492507074,
    "id": "3237",
    "name": "BOUCHERIE AL BARAKA",
    "zipCode": "94310",
    "city": "ORLY",
    "isActivityMealBag": false
  },
  {
    "lat": 48.7754071,
    "lon": 2.3613419,
    "address": "10, rue du Poitou ",
    "country": null,
    "specialities": null,
    "webSite": null,
    "email": null,
    "phone": "09 54 80 19 39 ",
    "fax": null,
    "isActive": true,
    "latitude": 48.7754071,
    "longitude": 2.3613419,
    "id": "3242",
    "name": "BOUCHERIE LAIB",
    "zipCode": "94550",
    "city": "CHEVILLY LARUE",
    "isActivityMealBag": false
  },
  {
    "lat": 48.9252675,
    "lon": 2.5221356,
    "address": "47-63, boulevard Westinghouse",
    "country": null,
    "specialities": null,
    "webSite": null,
    "email": null,
    "phone": "+33 9 50 50 36 82",
    "fax": null,
    "isActive": true,
    "latitude": 48.9252675,
    "longitude": 2.5221356,
    "id": "3252",
    "name": "WESTINGHOUSE",
    "zipCode": "93270",
    "city": "SEVRAN",
    "isActivityMealBag": false
  },
  {
    "lat": 45.4744615,
    "lon": 4.5328663,
    "address": "1, Place Île de France ",
    "country": "France",
    "specialities": null,
    "webSite": null,
    "email": null,
    "phone": null,
    "fax": null,
    "isActive": true,
    "latitude": 45.4744615,
    "longitude": 4.5328663,
    "id": "3268",
    "name": "BOUCHERIE DE FONSALA",
    "zipCode": "42400",
    "city": "SAINT-CHAMOND",
    "isActivityMealBag": false
  },
  {
    "lat": 48.8849726,
    "lon": 2.3522568,
    "address": "10, rue Caplat ",
    "country": "France",
    "specialities": null,
    "webSite": "",
    "email": "",
    "phone": "01 42 57 02 21",
    "fax": "",
    "isActive": true,
    "latitude": 48.8849726,
    "longitude": 2.3522568,
    "id": "327",
    "name": "GOUTTE D'OR",
    "zipCode": "75018",
    "city": "PARIS 18",
    "isActivityMealBag": false
  },
  {
    "lat": 48.8655038918931,
    "lon": 2.4356089407096486,
    "address": "122, avenue de la Résistance ",
    "country": "France",
    "specialities": null,
    "webSite": null,
    "email": null,
    "phone": "00 00 00 00 00",
    "fax": null,
    "isActive": true,
    "latitude": 48.8655038918931,
    "longitude": 2.4356089407096486,
    "id": "3276",
    "name": "ROULE MA POULE ",
    "zipCode": "93100",
    "city": "MONTREUIL",
    "isActivityMealBag": false
  },
  {
    "lat": 48.871227519364176,
    "lon": 2.4276739425626506,
    "address": "6, rue Daumier",
    "country": "France",
    "specialities": null,
    "webSite": null,
    "email": null,
    "phone": "00 00 00 00 00",
    "fax": null,
    "isActive": true,
    "latitude": 48.871227519364176,
    "longitude": 2.4276739425626506,
    "id": "3277",
    "name": "AL AMANA BAGNOLET",
    "zipCode": "93170",
    "city": "BAGNOLET",
    "isActivityMealBag": false
  },
  {
    "lat": 48.682814014767,
    "lon": 2.164066569490327,
    "address": "5, rue de Vendée ",
    "country": "France",
    "specialities": null,
    "webSite": null,
    "email": null,
    "phone": null,
    "fax": null,
    "isActive": true,
    "latitude": 48.682814014767,
    "longitude": 2.164066569490327,
    "id": "3286",
    "name": "BOUCHERIE SABAH",
    "zipCode": "91940",
    "city": "LES ULIS",
    "isActivityMealBag": false
  },
  {
    "lat": 48.91487249325313,
    "lon": 2.3837750694978044,
    "address": "02, rue de la Courneuve ",
    "country": "France",
    "specialities": null,
    "webSite": null,
    "email": null,
    "phone": null,
    "fax": null,
    "isActive": true,
    "latitude": 48.91487249325313,
    "longitude": 2.3837750694978044,
    "id": "3288",
    "name": "BOUCHERIE D'AUBER",
    "zipCode": "93300",
    "city": "AUBERVILLIERS",
    "isActivityMealBag": false
  },
  {
    "lat": 48.78563,
    "lon": 2.3314068,
    "address": "10, rue François Villon",
    "country": "France",
    "specialities": null,
    "webSite": null,
    "email": null,
    "phone": "01 47 40 95 26",
    "fax": null,
    "isActive": true,
    "latitude": 48.78563,
    "longitude": 2.3314068,
    "id": "3289",
    "name": "BOUCHERIE DE LA PLAINE",
    "zipCode": "94230",
    "city": "CACHAN",
    "isActivityMealBag": false
  },
  {
    "lat": 48.9499846,
    "lon": 2.5280601,
    "address": "C.C. Beau Sevran",
    "country": "France",
    "specialities": null,
    "webSite": null,
    "email": null,
    "phone": "01 43 85 47 85",
    "fax": null,
    "isActive": true,
    "latitude": 48.9499846,
    "longitude": 2.5280601,
    "id": "3290",
    "name": "SEVRAN 4 SAISONS",
    "zipCode": "93270",
    "city": "SEVRAN",
    "isActivityMealBag": false
  },
  {
    "lat": 48.7919981,
    "lon": 2.3664373,
    "address": "60, rue Jean Jaurès",
    "country": "France",
    "specialities": null,
    "webSite": null,
    "email": null,
    "phone": null,
    "fax": null,
    "isActive": true,
    "latitude": 48.7919981,
    "longitude": 2.3664373,
    "id": "3291",
    "name": "SAIDY",
    "zipCode": "94800",
    "city": "VILLEJUIF",
    "isActivityMealBag": false
  },
  {
    "lat": 48.9302485,
    "lon": 2.1615403,
    "address": "64, rue du Général Leclerc",
    "country": "France",
    "specialities": null,
    "webSite": null,
    "email": null,
    "phone": "0986638259",
    "fax": null,
    "isActive": true,
    "latitude": 48.9302485,
    "longitude": 2.1615403,
    "id": "3311",
    "name": "BOUCHERIE DU COIN",
    "zipCode": "78500",
    "city": "SARTROUVILLE",
    "isActivityMealBag": false
  },
  {
    "lat": 48.93845719999999,
    "lon": 2.3476714,
    "address": "2, rue Gisquet ",
    "country": "France",
    "specialities": null,
    "webSite": null,
    "email": null,
    "phone": "",
    "fax": null,
    "isActive": true,
    "latitude": 48.93845719999999,
    "longitude": 2.3476714,
    "id": "3312",
    "name": "LES BARBARESQUES ",
    "zipCode": "93200",
    "city": "SAINT DENIS",
    "isActivityMealBag": false
  },
  {
    "lat": 48.9092225,
    "lon": 2.5151079,
    "address": "40, Avenue Victor Hugo",
    "country": null,
    "specialities": null,
    "webSite": null,
    "email": null,
    "phone": "",
    "fax": null,
    "isActive": true,
    "latitude": 48.9092225,
    "longitude": 2.5151079,
    "id": "3315",
    "name": "MAITRE BOUCHER",
    "zipCode": "93320",
    "city": "LES PAVILLON SOUS BOIS",
    "isActivityMealBag": false
  },
  {
    "lat": 48.946884,
    "lon": 2.492419,
    "address": "95 bis, rue Jacques Duclos",
    "country": "France",
    "specialities": null,
    "webSite": null,
    "email": null,
    "phone": "",
    "fax": null,
    "isActive": true,
    "latitude": 48.946884,
    "longitude": 2.492419,
    "id": "3316",
    "name": "LA FERME D'AULNAY",
    "zipCode": "93600",
    "city": "AULNAY SOUS BOIS",
    "isActivityMealBag": false
  },
  {
    "lat": 48.8980484,
    "lon": 2.3390497,
    "address": "136, boulevard Ney",
    "country": "France",
    "specialities": null,
    "webSite": null,
    "email": null,
    "phone": "00 00 00 00 00",
    "fax": null,
    "isActive": true,
    "latitude": 48.8980484,
    "longitude": 2.3390497,
    "id": "3319",
    "name": "BOUCHERIE HADDAR",
    "zipCode": "75018",
    "city": "Paris 18",
    "isActivityMealBag": false
  },
  {
    "lat": 48.9036173,
    "lon": 2.3869465,
    "address": "14, rue Bordier",
    "country": "France",
    "specialities": null,
    "webSite": null,
    "email": null,
    "phone": "01 48 34 56 27",
    "fax": null,
    "isActive": true,
    "latitude": 48.9036173,
    "longitude": 2.3869465,
    "id": "3320",
    "name": "2M AUBERVILLIERS",
    "zipCode": "93300",
    "city": "AUBERVILLIERS",
    "isActivityMealBag": false
  },
  {
    "lat": 48.7567017,
    "lon": 2.3148537,
    "address": "52, boulevard Pasteur",
    "country": "France",
    "specialities": null,
    "webSite": null,
    "email": null,
    "phone": "0000000000",
    "fax": null,
    "isActive": true,
    "latitude": 48.7567017,
    "longitude": 2.3148537,
    "id": "3322",
    "name": "BOUCHERIE DE LA PAIX 2",
    "zipCode": "94260",
    "city": "FRESNES",
    "isActivityMealBag": false
  },
  {
    "lat": 48.8578179,
    "lon": 2.4342238,
    "address": " 36, rue de Paris ",
    "country": "France",
    "specialities": null,
    "webSite": null,
    "email": null,
    "phone": "00 00 00 00 00",
    "fax": null,
    "isActive": true,
    "latitude": 48.8578179,
    "longitude": 2.4342238,
    "id": "3328",
    "name": "BOUCHERIE LA GAZELLE 2",
    "zipCode": "93100",
    "city": "MONTREUIL",
    "isActivityMealBag": false
  },
  {
    "lat": 48.8573107,
    "lon": 2.4708063,
    "address": "19, rue Emile Zola",
    "country": "France",
    "specialities": null,
    "webSite": null,
    "email": null,
    "phone": "00 00 00 00 00",
    "fax": null,
    "isActive": true,
    "latitude": 48.8573107,
    "longitude": 2.4708063,
    "id": "3332",
    "name": "LA BELLE CÔTE",
    "zipCode": "94120",
    "city": "FONTENAY SOUS BOIS",
    "isActivityMealBag": false
  },
  {
    "lat": 48.7873045,
    "lon": 2.4364968,
    "address": "144, avenue du Maréchal Foch",
    "country": "France",
    "specialities": null,
    "webSite": null,
    "email": null,
    "phone": "0000000000",
    "fax": null,
    "isActive": true,
    "latitude": 48.7873045,
    "longitude": 2.4364968,
    "id": "3333",
    "name": "ROULE MA POULE",
    "zipCode": "94000",
    "city": "CRETEIL",
    "isActivityMealBag": false
  },
  {
    "lat": 48.8203832,
    "lon": 2.2701348,
    "address": "Place du 11-Novembre-1918",
    "country": "France",
    "specialities": null,
    "webSite": null,
    "email": null,
    "phone": "",
    "fax": null,
    "isActive": true,
    "latitude": 48.8203832,
    "longitude": 2.2701348,
    "id": "3335",
    "name": "MARCHÉ DU CENTRE",
    "zipCode": "92240",
    "city": "MALAKOFF",
    "isActivityMealBag": false
  },
  {
    "lat": 48.7869702,
    "lon": 2.2256577,
    "address": " 1, place d'Orion",
    "country": "France",
    "specialities": null,
    "webSite": null,
    "email": null,
    "phone": "Ibrahim : 06 01 25 91 02 / 07 53 97 55 65",
    "fax": null,
    "isActive": true,
    "latitude": 48.7869702,
    "longitude": 2.2256577,
    "id": "3339",
    "name": "BOUCHERIE LA BELLE ROSE",
    "zipCode": "92360",
    "city": "MEUDON LA FORÊT",
    "isActivityMealBag": false
  },
  {
    "lat": 45.6959696,
    "lon": 4.8727554,
    "address": "3, rue Michel Germaneau",
    "country": null,
    "specialities": null,
    "webSite": null,
    "email": null,
    "phone": "Sofiane : 06 62 95 24 53 / Bilal : 06 25 00 70 24",
    "fax": null,
    "isActive": true,
    "latitude": 45.6959696,
    "longitude": 4.8727554,
    "id": "3340",
    "name": "BOUCHERIE DU SOLEIL",
    "zipCode": "69200",
    "city": "VÉNISSIEUX",
    "isActivityMealBag": false
  },
  {
    "lat": 48.8670518,
    "lon": 2.5339125,
    "address": "427, avenue du 8 Mai 1945",
    "country": "France",
    "specialities": null,
    "webSite": null,
    "email": null,
    "phone": "",
    "fax": null,
    "isActive": true,
    "latitude": 48.8670518,
    "longitude": 2.5339125,
    "id": "3341",
    "name": "LE COMPTOIRE DU BOUCHER",
    "zipCode": "93330",
    "city": "NEUILLY-SUR-MARNE",
    "isActivityMealBag": false
  },
  {
    "lat": 48.5464889,
    "lon": 2.64499,
    "address": "avenue de Corbeil C.C Plein ciel",
    "country": "France",
    "specialities": null,
    "webSite": "",
    "email": "",
    "phone": "01 64 52 59 22",
    "fax": "",
    "isActive": true,
    "latitude": 48.5464889,
    "longitude": 2.64499,
    "id": "396",
    "name": "PLEIN CIEL",
    "zipCode": "77350",
    "city": "LE MEE-SUR-SEINE",
    "isActivityMealBag": false
  },
  {
    "lat": 48.8705126,
    "lon": 2.3781733,
    "address": "69, boulevard de Belleville",
    "country": "France",
    "specialities": null,
    "webSite": "",
    "email": "",
    "phone": "01 47 00 77 51",
    "fax": "",
    "isActive": true,
    "latitude": 48.8705126,
    "longitude": 2.3781733,
    "id": "451",
    "name": "BOUCHERIE 3M",
    "zipCode": "75011",
    "city": "PARIS 11",
    "isActivityMealBag": false
  },
  {
    "lat": 48.751235,
    "lon": 2.3881564,
    "address": "36, rue de Travy",
    "country": "France",
    "specialities": null,
    "webSite": "",
    "email": "",
    "phone": "01 49 78 76 32",
    "fax": "",
    "isActive": true,
    "latitude": 48.751235,
    "longitude": 2.3881564,
    "id": "501",
    "name": "LA BOUCHERIE DE SENIA",
    "zipCode": "94320",
    "city": "THIAIS",
    "isActivityMealBag": false
  },
  {
    "lat": 45.4028752,
    "lon": 4.363886,
    "address": "11 bis, rue de la Libération ",
    "country": "France",
    "specialities": null,
    "webSite": null,
    "email": null,
    "phone": "04 77 25 77 59",
    "fax": null,
    "isActive": true,
    "latitude": 45.4028752,
    "longitude": 4.363886,
    "id": "503",
    "name": "BOUCHERIE AIDEL",
    "zipCode": "42150",
    "city": "LA RICAMARIE",
    "isActivityMealBag": false
  },
  {
    "lat": 48.9299867,
    "lon": 2.4323281,
    "address": "92, avenue Marceau",
    "country": "France",
    "specialities": null,
    "webSite": "",
    "email": "",
    "phone": "01 41 50 71 15",
    "fax": "",
    "isActive": true,
    "latitude": 48.9299867,
    "longitude": 2.4323281,
    "id": "548",
    "name": "LAHLOU VIANDES",
    "zipCode": "93700",
    "city": "DRANCY",
    "isActivityMealBag": false
  },
  {
    "lat": 48.8966368,
    "lon": 2.1961796,
    "address": "2, boulevard du Générale Leclerc ",
    "country": "France",
    "specialities": null,
    "webSite": "",
    "email": "",
    "phone": "01 41 20 05 39",
    "fax": "",
    "isActive": true,
    "latitude": 48.8966368,
    "longitude": 2.1961796,
    "id": "556",
    "name": "DIALY",
    "zipCode": "92000",
    "city": "NANTERRE",
    "isActivityMealBag": false
  },
  {
    "lat": 48.7817877,
    "lon": 2.3554844,
    "address": "104/106, rue de Chevilly",
    "country": "France",
    "specialities": null,
    "webSite": "",
    "email": "",
    "phone": "01 46 86 58 84",
    "fax": "",
    "isActive": true,
    "latitude": 48.7817877,
    "longitude": 2.3554844,
    "id": "562",
    "name": "ASSALAM",
    "zipCode": "94800",
    "city": "VILLEJUIF",
    "isActivityMealBag": false
  },
  {
    "lat": 48.8874946,
    "lon": 2.4624297,
    "address": "4 square Stephenson ",
    "country": "France",
    "specialities": null,
    "webSite": null,
    "email": null,
    "phone": "01 48 40 87 66",
    "fax": null,
    "isActive": true,
    "latitude": 48.8874946,
    "longitude": 2.4624297,
    "id": "610",
    "name": "MA-BOUCHE-RIT",
    "zipCode": "93130",
    "city": "NOISY LE SEC",
    "isActivityMealBag": false
  },
  {
    "lat": 49.0236211,
    "lon": 2.2110027,
    "address": "105, rue de Beauchamp",
    "country": "France",
    "specialities": null,
    "webSite": "",
    "email": "",
    "phone": "01 75 40 38 83",
    "fax": "",
    "isActive": true,
    "latitude": 49.0236211,
    "longitude": 2.2110027,
    "id": "629",
    "name": "AS-SALAM",
    "zipCode": "95150",
    "city": "TAVERNY",
    "isActivityMealBag": false
  },
  {
    "lat": 48.9190668,
    "lon": 2.393711,
    "address": "84, rue Charles Tillon",
    "country": "France",
    "specialities": null,
    "webSite": null,
    "email": null,
    "phone": "01 82 02 36 44",
    "fax": null,
    "isActive": true,
    "latitude": 48.9190668,
    "longitude": 2.393711,
    "id": "631",
    "name": "LA GOURNA",
    "zipCode": "93300",
    "city": "AUBERVILLIERS",
    "isActivityMealBag": false
  },
  {
    "lat": 48.3962632,
    "lon": 2.9564453,
    "address": "32, rue des Chenois",
    "country": "France",
    "specialities": null,
    "webSite": "",
    "email": "",
    "phone": "01 60 96 25 06",
    "fax": "",
    "isActive": true,
    "latitude": 48.3962632,
    "longitude": 2.9564453,
    "id": "65",
    "name": "LA BARAKA",
    "zipCode": "77130",
    "city": "MONTEREAU",
    "isActivityMealBag": false
  },
  {
    "lat": 48.7347537,
    "lon": 2.2937255,
    "address": "6, rue D'Alger",
    "country": "France",
    "specialities": null,
    "webSite": "",
    "email": "",
    "phone": "09 80 45 50 04",
    "fax": "",
    "isActive": true,
    "latitude": 48.7347537,
    "longitude": 2.2937255,
    "id": "652",
    "name": "BOUCHERIE BOURGOGNE",
    "zipCode": "91300",
    "city": "MASSY",
    "isActivityMealBag": false
  },
  {
    "lat": 48.8113888,
    "lon": 2.3616087,
    "address": "74, avenue de Fontainebleau",
    "country": "France",
    "specialities": null,
    "webSite": null,
    "email": null,
    "phone": "01 46 71 71 11",
    "fax": null,
    "isActive": true,
    "latitude": 48.8113888,
    "longitude": 2.3616087,
    "id": "669",
    "name": "BOUCHERIE BIENVENUE",
    "zipCode": "94270",
    "city": "LE KREMLIN BICÊTRE",
    "isActivityMealBag": false
  },
  {
    "lat": 45.4552887,
    "lon": 4.3839625,
    "address": "66, rue Bergson",
    "country": "France",
    "specialities": null,
    "webSite": "",
    "email": "",
    "phone": "04 27 77 74 84",
    "fax": "",
    "isActive": true,
    "latitude": 45.4552887,
    "longitude": 4.3839625,
    "id": "682",
    "name": "BOUCHERIE ABOU BAKR",
    "zipCode": "42000",
    "city": "SAINT ETIENNE",
    "isActivityMealBag": false
  },
  {
    "lat": 48.8693383,
    "lon": 2.3798304,
    "address": "45, boulevard de Belleville",
    "country": "France",
    "specialities": null,
    "webSite": "",
    "email": "",
    "phone": "01 47 00 96 10 / 09 66 87 69 66",
    "fax": "",
    "isActive": true,
    "latitude": 48.8693383,
    "longitude": 2.3798304,
    "id": "683",
    "name": "BOUCHERIE 2M ",
    "zipCode": "75011",
    "city": "PARIS 11",
    "isActivityMealBag": false
  },
  {
    "lat": 49.0008019,
    "lon": 1.6872709,
    "address": "C.C. Mantes2 - boulevard Georges Clemenceau",
    "country": "France",
    "specialities": null,
    "webSite": "",
    "email": "",
    "phone": "01 30 33 03 87",
    "fax": "",
    "isActive": true,
    "latitude": 49.0008019,
    "longitude": 1.6872709,
    "id": "69",
    "name": "VAL'PRIM",
    "zipCode": "78200",
    "city": "MANTES LA JOLIE",
    "isActivityMealBag": false
  },
  {
    "lat": 48.622085,
    "lon": 2.4421825,
    "address": "9 place de la Commune",
    "country": "France",
    "specialities": null,
    "webSite": "",
    "email": "",
    "phone": "01 69 36 93 21",
    "fax": "",
    "isActive": true,
    "latitude": 48.622085,
    "longitude": 2.4421825,
    "id": "70",
    "name": "LES EPINETTES",
    "zipCode": "91000",
    "city": "EVRY",
    "isActivityMealBag": false
  },
  {
    "lat": 48.9158146,
    "lon": 2.3035143,
    "address": "70, avenue Des Grésillons ",
    "country": "France",
    "specialities": null,
    "webSite": "",
    "email": "",
    "phone": "01 47 93 95 66",
    "fax": "",
    "isActive": true,
    "latitude": 48.9158146,
    "longitude": 2.3035143,
    "id": "714",
    "name": "BOUCHERIE VOLTAIRE",
    "zipCode": "92600",
    "city": "ASNIERES-SUR-SEINE",
    "isActivityMealBag": false
  },
  {
    "lat": 48.8167413,
    "lon": 2.3214161,
    "address": "48, rue Louis Rolland",
    "country": "France",
    "specialities": null,
    "webSite": "",
    "email": "",
    "phone": "01 71 17 74 54",
    "fax": "",
    "isActive": true,
    "latitude": 48.8167413,
    "longitude": 2.3214161,
    "id": "737",
    "name": "BOUCHERIE IBSAINE ",
    "zipCode": "92120",
    "city": "MONTROUGE",
    "isActivityMealBag": false
  },
  {
    "lat": 48.7962497,
    "lon": 2.3219335,
    "address": "87, avenue Aristide Briand",
    "country": "France",
    "specialities": null,
    "webSite": null,
    "email": null,
    "phone": "01 47 40 89 72",
    "fax": null,
    "isActive": true,
    "latitude": 48.7962497,
    "longitude": 2.3219335,
    "id": "740",
    "name": "BOUCHERIE N20",
    "zipCode": "94230",
    "city": "CACHAN",
    "isActivityMealBag": false
  },
  {
    "lat": 49.052512,
    "lon": 2.016762,
    "address": "8 bis, passage de L'Aurore ",
    "country": "France",
    "specialities": null,
    "webSite": null,
    "email": "boucherielebontemps@gmail.com",
    "phone": "09 83 81 39 45",
    "fax": null,
    "isActive": true,
    "latitude": 49.052512,
    "longitude": 2.016762,
    "id": "762",
    "name": "BOUCHERIE LE BONTEMPS",
    "zipCode": "95800",
    "city": "CERGY LE HAUT",
    "isActivityMealBag": false
  },
  {
    "lat": 48.9360128,
    "lon": 2.3668991,
    "address": "65, rue de Strasbourg",
    "country": "France",
    "specialities": null,
    "webSite": null,
    "email": null,
    "phone": "01 48 23 78 79",
    "fax": null,
    "isActive": true,
    "latitude": 48.9360128,
    "longitude": 2.3668991,
    "id": "764",
    "name": "SALMA  ",
    "zipCode": "93200",
    "city": "SAINT DENIS",
    "isActivityMealBag": false
  },
  {
    "lat": 48.6434004,
    "lon": 2.3405494,
    "address": "315, avenue Gabriel Péri",
    "country": "France",
    "specialities": null,
    "webSite": null,
    "email": null,
    "phone": "01 69 46 09 90",
    "fax": null,
    "isActive": true,
    "latitude": 48.6434004,
    "longitude": 2.3405494,
    "id": "78",
    "name": "ISLAMIQUE",
    "zipCode": "91700",
    "city": "SAINTE GENEVIEVE DES BOIS",
    "isActivityMealBag": false
  },
  {
    "lat": 45.4749267,
    "lon": 4.5129165,
    "address": "5, avenue Antoine Pinay",
    "country": "France",
    "specialities": null,
    "webSite": null,
    "email": null,
    "phone": "04 77 22 42 32",
    "fax": null,
    "isActive": true,
    "latitude": 45.4749267,
    "longitude": 4.5129165,
    "id": "797",
    "name": "BOUCHERIE CHERIF",
    "zipCode": "42400",
    "city": "SAINT CHAMOND",
    "isActivityMealBag": false
  },
  {
    "lat": 48.78406150000001,
    "lon": 2.2379659,
    "address": "53-55, Route du Pave Blanc",
    "country": "France",
    "specialities": null,
    "webSite": null,
    "email": null,
    "phone": "01 46 30 49 28",
    "fax": null,
    "isActive": true,
    "latitude": 48.78406150000001,
    "longitude": 2.2379659,
    "id": "83",
    "name": "BOUCHERIE DE L'ORIENT",
    "zipCode": "92140",
    "city": "CLAMART",
    "isActivityMealBag": false
  },
  {
    "lat": 48.905586,
    "lon": 2.440219,
    "address": "10, avenue Karl Marx",
    "country": "France",
    "specialities": null,
    "webSite": "",
    "email": "",
    "phone": "09 80 36 05 50",
    "fax": "",
    "isActive": true,
    "latitude": 48.905586,
    "longitude": 2.440219,
    "id": "868",
    "name": "BAB SAHARA",
    "zipCode": "93000",
    "city": "BOBIGNY",
    "isActivityMealBag": false
  },
  {
    "lat": 48.9113496,
    "lon": 2.2271425,
    "address": "2, rue de Metz",
    "country": "France",
    "specialities": null,
    "webSite": "",
    "email": "",
    "phone": "01 47 84 43 52",
    "fax": "",
    "isActive": true,
    "latitude": 48.9113496,
    "longitude": 2.2271425,
    "id": "88",
    "name": "EL HOUDA",
    "zipCode": "92700",
    "city": "COLOMBES",
    "isActivityMealBag": false
  },
  {
    "lat": 48.935331,
    "lon": 2.23684,
    "address": "135, rue Henri Barbusse",
    "country": "France",
    "specialities": null,
    "webSite": "",
    "email": "",
    "phone": "01 30 76 73 11",
    "fax": "",
    "isActive": true,
    "latitude": 48.935331,
    "longitude": 2.23684,
    "id": "882",
    "name": "BOUCHERIE 2M",
    "zipCode": "95100",
    "city": "ARGENTEUIL",
    "isActivityMealBag": false
  },
  {
    "lat": 45.774378,
    "lon": 4.8065253,
    "address": "6, rue du Marché",
    "country": "France",
    "specialities": null,
    "webSite": null,
    "email": null,
    "phone": "04 74 26 76 17 / 06 73 37 06 51",
    "fax": null,
    "isActive": true,
    "latitude": 45.774378,
    "longitude": 4.8065253,
    "id": "887",
    "name": "BOUCHERIE CHERIFI",
    "zipCode": "69009",
    "city": "LYON 09",
    "isActivityMealBag": false
  },
  {
    "lat": 48.970259,
    "lon": 2.286571,
    "address": "22,  place François Truffaut (Le Forum)",
    "country": "France",
    "specialities": null,
    "webSite": "www.boucherie-saint-gratien.com",
    "email": "Infos.boucherie@gmail.com",
    "phone": "09 52 18 32 74",
    "fax": null,
    "isActive": true,
    "latitude": 48.970259,
    "longitude": 2.286571,
    "id": "909",
    "name": "BOUCHERIE SAINT GRATIEN",
    "zipCode": "95210",
    "city": "SAINT GRATIEN",
    "isActivityMealBag": false
  },
  {
    "lat": 48.9009808,
    "lon": 2.3299763,
    "address": "129, avenue de Saint Ouen",
    "country": "France",
    "specialities": null,
    "webSite": null,
    "email": null,
    "phone": "09 50 46 30 45",
    "fax": null,
    "isActive": true,
    "latitude": 48.9009808,
    "longitude": 2.3299763,
    "id": "915",
    "name": "BOUCHERIE DU XVII",
    "zipCode": "75017",
    "city": "PARIS 17",
    "isActivityMealBag": false
  },
  {
    "lat": 48.9350627,
    "lon": 2.3327705,
    "address": "213, boulevard Gallieni",
    "country": "France",
    "specialities": null,
    "webSite": null,
    "email": null,
    "phone": "09 66 91 76 91",
    "fax": null,
    "isActive": true,
    "latitude": 48.9350627,
    "longitude": 2.3327705,
    "id": "92",
    "name": "LES QUATRE SAISONS",
    "zipCode": "92390",
    "city": "VILLENEUVE LA GARENNE",
    "isActivityMealBag": false
  },
  {
    "lat": 48.9018649,
    "lon": 2.2431078,
    "address": "89 bis, avenue Marceau ",
    "country": "France",
    "specialities": null,
    "webSite": "",
    "email": "",
    "phone": "01 46 67 96 28",
    "fax": "",
    "isActive": true,
    "latitude": 48.9018649,
    "longitude": 2.2431078,
    "id": "920",
    "name": "BOUCHERIE DE COURBEVOIE",
    "zipCode": "92400",
    "city": "COURBEVOIE",
    "isActivityMealBag": false
  },
  {
    "lat": 48.870894,
    "lon": 2.374393,
    "address": "94, rue du Faubourg du Temple",
    "country": "France",
    "specialities": null,
    "webSite": "",
    "email": "",
    "phone": "01 48 06 80 37",
    "fax": "",
    "isActive": true,
    "latitude": 48.870894,
    "longitude": 2.374393,
    "id": "926",
    "name": "BOUCHERIE PIVER",
    "zipCode": "75011",
    "city": "PARIS 11",
    "isActivityMealBag": false
  },
  {
    "lat": 48.804362,
    "lon": 2.3832816,
    "address": "3, rue Amédée Huon",
    "country": "France",
    "specialities": null,
    "webSite": null,
    "email": null,
    "phone": "09 67 39 93 76",
    "fax": null,
    "isActive": true,
    "latitude": 48.804362,
    "longitude": 2.3832816,
    "id": "929",
    "name": "ESPACE VERT 3, rue Amédée Huon 94200 IVRY-SUR-SEINE",
    "zipCode": "94200",
    "city": "IVRY-SUR-SEINE",
    "isActivityMealBag": false
  },
  {
    "lat": 48.9160929,
    "lon": 2.4580863,
    "address": "186, avenue Jean Jaurès ",
    "country": "France",
    "specialities": null,
    "webSite": null,
    "email": null,
    "phone": "01 72 59 75 67",
    "fax": null,
    "isActive": true,
    "latitude": 48.9160929,
    "longitude": 2.4580863,
    "id": "939",
    "name": "BOUCHERIE LE JAURES",
    "zipCode": "93700",
    "city": "DRANCY",
    "isActivityMealBag": false
  },
  {
    "lat": 48.9281592,
    "lon": 2.392385,
    "address": "63, rue de la Convention",
    "country": "France",
    "specialities": null,
    "webSite": null,
    "email": null,
    "phone": "09 54 84 49 50",
    "fax": null,
    "isActive": true,
    "latitude": 48.9281592,
    "longitude": 2.392385,
    "id": "947",
    "name": "LAMHAYA",
    "zipCode": "93120",
    "city": "LA COURNEUVE",
    "isActivityMealBag": false
  },
  {
    "lat": 45.7751707,
    "lon": 4.8027712,
    "address": "49, rue Marietton",
    "country": "France",
    "specialities": null,
    "webSite": null,
    "email": null,
    "phone": "06 27 48 67 57",
    "fax": null,
    "isActive": true,
    "latitude": 45.7751707,
    "longitude": 4.8027712,
    "id": "951",
    "name": "BOUCHERIE MARIETTON",
    "zipCode": "69009",
    "city": "LYON 09",
    "isActivityMealBag": false
  },
  {
    "lat": 48.9495366,
    "lon": 2.5654353,
    "address": "24, Cours de la République",
    "country": "France",
    "specialities": null,
    "webSite": null,
    "email": null,
    "phone": "01 49 63 83 44",
    "fax": null,
    "isActive": true,
    "latitude": 48.9495366,
    "longitude": 2.5654353,
    "id": "970",
    "name": "BOUCHERIE MAOUI FRÈRES ",
    "zipCode": "93290",
    "city": "TREMBLAY-EN-FRANCE",
    "isActivityMealBag": false
  },
  {
    "lat": 48.9126827,
    "lon": 2.2248994,
    "address": "462/464, avenue de la République",
    "country": "France",
    "specialities": null,
    "webSite": null,
    "email": null,
    "phone": "01 46 49 90 19",
    "fax": null,
    "isActive": true,
    "latitude": 48.9126827,
    "longitude": 2.2248994,
    "id": "976",
    "name": "HYPER HALAL FRAIS",
    "zipCode": "92000",
    "city": "NANTERRE",
    "isActivityMealBag": false
  },
  {
    "lat": 48.7953915,
    "lon": 2.3975707,
    "address": "101, avenue Paul Vaillant Couturier",
    "country": "France",
    "specialities": null,
    "webSite": "",
    "email": "",
    "phone": "01 46 80 67 38",
    "fax": "",
    "isActive": true,
    "latitude": 48.7953915,
    "longitude": 2.3975707,
    "id": "977",
    "name": "ARRAHMA",
    "zipCode": "94400",
    "city": "VITRY-SUR-SEINE",
    "isActivityMealBag": false
  },
  {
    "lat": 48.9526835,
    "lon": 2.2258293,
    "address": "28, esplanade de l'Europe ",
    "country": "France",
    "specialities": null,
    "webSite": null,
    "email": null,
    "phone": "09 73 28 57 00",
    "fax": null,
    "isActive": true,
    "latitude": 48.9526835,
    "longitude": 2.2258293,
    "id": "997",
    "name": "BOUCHERIE GOURMET",
    "zipCode": "95100",
    "city": "ARGENTEUIL",
    "isActivityMealBag": false
  },
  {
    "lat": 48.9395854,
    "lon": 2.3568906,
    "address": "106-108, rue Gabriel Péri",
    "country": "France",
    "specialities": null,
    "webSite": null,
    "email": null,
    "phone": "09 73 24 75 38 / 07 52 95 98 24",
    "fax": null,
    "isActive": true,
    "latitude": 48.9395854,
    "longitude": 2.3568906,
    "id": "998",
    "name": "BOUCHERIE LA GAZELLE 1",
    "zipCode": "93200",
    "city": "SAINT DENIS",
    "isActivityMealBag": false
  }
]